period,published_months,our_months,difference_months,within_rounding
2001-01,69.0,71.69367546294063,2.6936754629406323,False
2001-02,70.0,72.79139772452231,2.7913977245223123,False
2001-03,68.0,72.14159740058645,4.141597400586448,False
2001-04,70.0,74.00595006557475,4.005950065574751,False
2001-05,71.0,74.6459978782431,3.6459978782430937,False
2001-06,70.0,74.69961011231157,4.699610112311575,False
2001-07,70.0,73.48672900923458,3.4867290092345797,False
2001-08,68.0,72.34697425038198,4.346974250381976,False
2001-09,68.0,72.34391907060137,4.343919070601373,False
2001-10,68.0,72.14109917215528,4.141099172155279,False
2001-11,67.0,70.71856350549253,3.7185635054925257,False
2001-12,66.0,70.27660872537385,4.276608725373848,False
2002-01,66.0,70.37655210535758,4.376552105357575,False
2002-02,65.0,69.21479013303059,4.21479013303059,False
2002-03,64.0,69.11110748187882,5.111107481878818,False
2002-04,65.0,68.99598720065539,3.9959872006553923,False
2002-05,64.0,68.33427711637208,4.334277116372078,False
2002-06,63.0,68.0851274534968,5.085127453496796,False
2002-07,63.0,66.65577124410373,3.6557712441037324,False
2002-08,62.0,66.73527966545937,4.735279665459373,False
2002-09,62.0,66.11967795502825,4.119677955028251,False
2002-10,61.0,65.38519495554124,4.3851949555412375,False
2002-11,61.0,65.13976854115614,4.139768541156144,False
2002-12,60.0,64.32515384995096,4.325153849950965,False
2003-01,60.0,64.24663277785362,4.24663277785362,False
2003-02,60.0,63.58227223440972,3.5822722344097215,False
2003-03,59.0,62.282255430953455,3.2822554309534553,False
2003-04,58.0,62.097913110716476,4.097913110716476,False
2003-05,58.0,62.41736495333235,4.417364953332353,False
2003-06,58.0,61.18740088220548,3.1874008822054805,False
2003-07,57.0,60.480054194105364,3.4800541941053638,False
2003-08,57.0,60.64871463597231,3.6487146359723113,False
2003-09,57.0,60.596156056115035,3.596156056115035,False
2003-10,56.0,59.69664696792607,3.696646967926071,False
2003-11,56.0,59.77609502384894,3.7760950238489386,False
2003-12,56.0,59.44158945655662,3.4415894565566205,False
2004-01,56.0,59.76946698349399,3.7694669834939916,False
2004-02,56.0,59.07237207921001,3.0723720792100124,False
2004-03,55.0,57.9412369667904,2.941236966790399,False
2004-04,55.0,58.35568247192157,3.3556824719215683,False
2004-05,55.0,58.404240935092815,3.4042409350928153,False
2004-06,55.0,57.929297492520256,2.9292974925202557,False
2004-07,55.0,58.18130550306505,3.1813055030650474,False
2004-08,55.0,57.81316007412861,2.8131600741286107,False
2004-09,55.0,57.73993454093181,2.739934540931813,False
2004-10,54.0,57.31177907721559,3.31177907721559,False
2004-11,54.0,56.77055394680458,2.770553946804583,False
2004-12,54.0,56.78857894228018,2.788578942280182,False
2005-01,55.0,57.13755547020848,2.1375554702084827,False
2005-02,54.0,56.39730309536117,2.397303095361167,False
2005-03,53.0,55.67467593116555,2.6746759311655524,False
2005-04,54.0,56.43370916252461,2.4337091625246074,False
2005-05,55.0,56.76233922487097,1.7623392248709706,False
2005-06,55.0,56.92151016105595,1.9215101610559486,False
2005-07,54.0,56.68437283025091,2.684372830250908,False
2005-08,54.0,56.205845267582966,2.2058452675829656,False
2005-09,54.0,56.36445872529835,2.3644587252983484,False
2005-10,54.0,55.621203148934285,1.6212031489342849,False
2005-11,53.0,55.14081732422222,2.140817324222219,False
2005-12,53.0,55.27006379372842,2.2700637937284185,False
2006-01,53.0,55.26248588127767,2.2624858812776694,False
2006-02,54.0,55.7072704444947,1.7072704444946964,False
2006-03,53.0,54.813780301011754,1.8137803010117537,False
2006-04,53.0,55.54474961026328,2.544749610263281,False
2006-05,54.0,55.865626946247076,1.865626946247076,False
2006-06,54.0,55.97778418953199,1.977784189531988,False
2006-07,54.0,55.97183622620203,1.9718362262020293,False
2006-08,55.0,56.33735772777217,1.3373577277721722,False
2006-09,55.0,56.75184868607764,1.7518486860776434,False
2006-10,55.0,56.17039607996195,1.1703960799619466,False
2006-11,54.0,55.805783551939065,1.805783551939065,False
2006-12,54.0,56.08565178867027,2.085651788670269,False
2007-01,55.0,56.214908433354886,1.2149084333548856,False
2007-02,55.0,54.945305572189724,-0.05469442781027567,True
2007-03,54.0,54.08905103336242,0.08905103336242348,True
2007-04,55.0,54.6004457324991,-0.3995542675009034,True
2007-05,56.0,55.8396741552487,-0.16032584475129852,True
2007-06,56.0,56.160198960264005,0.1601989602640046,True
2007-07,56.0,55.503346146510836,-0.496653853489164,True
2007-08,56.0,55.63947235245841,-0.3605276475415877,True
2007-09,56.0,56.01104982139644,0.011049821396440507,True
2007-10,56.0,55.54976764099891,-0.4502323590010917,True
2007-11,55.0,55.24219484133456,0.24219484133455893,True
2007-12,55.0,55.08862682294503,0.08862682294503088,True
2008-01,56.0,55.4598227419786,-0.5401772580214015,False
2008-02,55.0,55.16414085237828,0.16414085237828147,True
2008-03,55.0,54.25066863374114,-0.7493313662588577,False
2008-04,56.0,55.23644061560263,-0.763559384397368,False
2008-05,56.0,55.67124754807188,-0.32875245192811775,True
2008-06,56.0,55.69487026301308,-0.30512973698692036,True
2008-07,55.0,54.608621180807404,-0.391378819192596,True
2008-08,55.0,54.80759335756757,-0.19240664243243089,True
2008-09,52.0,51.644752371533265,-0.35524762846673497,True
2008-10,49.0,47.9625232520458,-1.0374767479542015,False
2008-11,49.0,48.270970969391186,-0.7290290306088139,False
2008-12,49.0,48.944906838668906,-0.055093161331093654,True
2009-01,50.0,49.8540342603374,-0.14596573966259996,True
2009-02,49.0,49.106966465708226,0.10696646570822566,True
2009-03,49.0,49.067749314052165,0.06774931405216478,True
2009-04,50.0,49.24075178430172,-0.7592482156982783,False
2009-05,50.0,49.660636985332815,-0.3393630146671853,True
2009-06,51.0,50.40691851321032,-0.5930814867896785,False
2009-07,51.0,50.905461678517426,-0.0945383214825739,True
2009-08,52.0,51.50366271828021,-0.4963372817197893,True
2009-09,53.0,52.275011455023616,-0.7249885449763838,False
2009-10,54.0,53.57814512524481,-0.4218548747551907,True
2009-11,55.0,54.29920091997281,-0.7007990800271884,False
2009-12,55.0,54.91160274122191,-0.08839725877808746,True
2010-01,56.0,56.02407233376661,0.02407233376661111,True
2010-02,57.0,56.74997743601888,-0.2500225639811191,True
2010-03,56.0,55.986595281537845,-0.013404718462155074,True
2010-04,57.0,56.40025719470667,-0.5997428052933316,False
2010-05,57.0,56.80080258122328,-0.19919741877671981,True
2010-06,58.0,57.33268165117254,-0.6673183488274574,False
2010-07,58.0,57.525948870466806,-0.47405112953319417,True
2010-08,58.0,57.85325504795398,-0.14674495204602067,True
2010-09,59.0,58.27387901857585,-0.7261209814241525,False
2010-10,59.0,58.442625772576804,-0.5573742274231961,False
2010-11,59.0,58.60182458226219,-0.39817541773781073,True
2010-12,59.0,58.65053779926315,-0.34946220073685197,True
2011-01,59.0,58.87924918910933,-0.12075081089066941,True
2011-02,60.0,59.53635464718428,-0.4636453528157176,True
2011-03,60.0,60.076529712303454,0.07652971230345429,True
2011-04,61.0,60.86039415515716,-0.13960584484284055,True
2011-05,61.0,61.114674413747885,0.11467441374788478,True
2011-06,62.0,61.65053705180921,-0.3494629481907907,True
2011-07,62.0,61.96151785424385,-0.03848214575614861,True
2011-08,62.0,62.077400284377404,0.0774002843774042,True
2011-09,63.0,62.205223478310515,-0.7947765216894851,False
2011-10,63.0,62.2713889884907,-0.728611011509301,False
2011-11,63.0,62.39690672573576,-0.6030932742642392,False
2011-12,62.0,62.50623069198847,0.5062306919884705,False
2012-01,63.0,62.588025641838584,-0.4119743581614159,True
2012-02,63.0,62.79214521181976,-0.20785478818024217,True
2012-03,63.0,62.670383790493176,-0.329616209506824,True
2012-04,63.0,63.20218650737883,0.20218650737883337,True
2012-05,64.0,63.56124856851096,-0.43875143148903817,True
2012-06,64.0,63.95480389837581,-0.04519610162419241,True
2012-07,64.0,64.14320160739717,0.1432016073971738,True
2012-08,64.0,63.89540988688471,-0.10459011311529309,True
2012-09,64.0,64.32969277081793,0.32969277081792825,True
2012-10,65.0,64.33629472867902,-0.6637052713209783,False
2012-11,65.0,64.22248201425647,-0.777517985743529,False
2012-12,65.0,64.53871209736018,-0.46128790263982467,True
2013-01,65.0,64.7011108121868,-0.2988891878132023,True
2013-02,65.0,64.46170721189529,-0.5382927881047124,False
2013-03,64.0,64.28880423488177,0.2888042348817663,True
2013-04,65.0,64.81987256256781,-0.18012743743219062,True
2013-05,66.0,65.57349991700934,-0.4265000829906569,True
2013-06,66.0,66.00609597945763,0.006095979457626299,True
2013-07,66.0,66.06953282638972,0.06953282638971814,True
2013-08,66.0,65.90323140845116,-0.09676859154883743,True
2013-09,67.0,66.42090107777842,-0.5790989222215757,False
2013-10,67.0,66.44929119043462,-0.5507088095653785,False
2013-11,66.0,66.38197231591803,0.38197231591803416,True
2013-12,67.0,66.34796326628745,-0.6520367337125492,False
2014-01,67.0,67.00157723640663,0.0015772364066322098,True
2014-02,67.0,66.73635488095358,-0.26364511904641574,True
2014-03,67.0,66.4418667240793,-0.5581332759206958,False
2014-04,68.0,67.35609327095945,-0.6439067290405518,False
2014-05,68.0,67.84489115969369,-0.1551088403063119,True
2014-06,68.0,68.16763159115331,0.1676315911533095,True
2014-07,68.0,68.11614169986909,0.11614169986908962,True
2014-08,68.0,68.07973016225183,0.07973016225183471,True
2014-09,68.0,68.1843388593884,0.18433885938840433,True
2014-10,68.0,68.23234063296582,0.23234063296581553,True
2014-11,68.0,68.40235498147823,0.4023549814782257,True
2014-12,68.0,68.09542738181312,0.09542738181312416,True
2015-01,68.0,68.55882401036604,0.5588240103660382,False
2015-02,69.0,68.73403429392542,-0.2659657060745815,True
2015-03,69.0,68.57808946057054,-0.42191053942946155,True
2015-04,69.0,68.90480184440509,-0.09519815559491462,True
2015-05,69.0,69.12217080039647,0.12217080039647499,True
2015-06,70.0,69.37816001210292,-0.6218399878970757,False
2015-07,69.0,69.14275977211585,0.142759772115852,True
2015-08,70.0,69.32930042567509,-0.6706995743249138,False
2015-09,70.0,69.57183990349145,-0.4281600965085488,True
2015-10,70.0,70.13507838934336,0.13507838934336291,True
2015-11,69.0,68.86805431893221,-0.1319456810677906,True
2015-12,69.0,68.62403334742302,-0.37596665257697737,True
2016-01,69.0,69.09593645937358,0.09593645937357564,True
2016-02,69.0,68.97904340080748,-0.020956599192516023,True
2016-03,69.0,68.61616514111707,-0.3838348588829348,True
2016-04,69.0,69.5454565373212,0.5454565373212006,False
2016-05,70.0,69.70011850666413,-0.29988149333587444,True
2016-06,70.0,69.83959241448721,-0.160407585512786,True
2016-07,70.0,70.0342652916744,0.03426529167440151,True
2016-08,70.0,69.5720095755569,-0.4279904244430952,True
2016-09,70.0,69.49153232610232,-0.5084676738976839,False
2016-10,69.0,69.15801934378506,0.15801934378505678,True
2016-11,69.0,68.88508009368147,-0.11491990631853355,True
2016-12,69.0,69.11053089033766,0.11053089033765673,True
2017-01,70.0,69.50206776016587,-0.49793223983412815,True
2017-02,70.0,69.89191966959639,-0.10808033040360954,True
2017-03,70.0,69.8095545740143,-0.19044542598570047,True
2017-04,70.0,70.33722158821175,0.3372215882117473,True
2017-05,71.0,70.43439642383203,-0.5656035761679732,False
2017-06,71.0,70.58359212123236,-0.41640787876764307,True
2017-07,71.0,70.52056929116554,-0.4794307088344567,True
2017-08,71.0,70.77075993361268,-0.22924006638731953,True
2017-09,70.0,70.4843548015073,0.48435480150729404,True
2017-10,70.0,70.23483212007721,0.23483212007721477,True
2017-11,70.0,69.82873510737855,-0.17126489262145128,True
2017-12,70.0,69.77519942975671,-0.22480057024328914,True
2018-01,70.0,69.75809539076967,-0.24190460923033186,True
2018-02,70.0,69.6720009415055,-0.3279990584944983,True
2018-03,69.0,68.72876257552272,-0.2712374244772775,True
2018-04,70.0,69.39480709712528,-0.6051929028747196,False
2018-05,70.0,69.56218575589847,-0.43781424410153136,True
2018-06,70.0,69.71264943170462,-0.2873505682953805,True
2018-07,70.0,69.46595571486162,-0.5340442851383784,False
2018-08,69.0,68.94869265471031,-0.05130734528968617,True
2018-09,69.0,69.36162288560442,0.3616228856044188,True
2018-10,69.0,69.22699054213948,0.22699054213947534,True
2018-11,69.0,68.94992786688546,-0.05007213311453995,True
2018-12,69.0,68.92764542972148,-0.07235457027852021,True
2019-01,69.0,69.22069278488561,0.22069278488561395,True
2019-02,70.0,69.30636487653854,-0.6936351234614619,False
2019-03,69.0,68.85901433467545,-0.1409856653245498,True
2019-04,70.0,69.375502260068,-0.6244977399319964,False
2019-05,70.0,69.7998986974921,-0.20010130250790326,True
2019-06,70.0,70.14030985324996,0.14030985324995982,True
2019-07,70.0,70.26328861986534,0.26328861986533525,True
2019-08,70.0,70.4000749245036,0.40007492450359905,True
2019-09,70.0,69.88875331142935,-0.11124668857064535,True
2019-10,70.0,69.46019565740326,-0.5398043425967387,False
2019-11,70.0,69.66829602942936,-0.3317039705706435,True
2019-12,70.0,69.67414452957745,-0.32585547042255314,True
2020-01,70.0,69.81997541818703,-0.18002458181297243,True
2020-02,70.0,69.78155225857785,-0.21844774142215329,True
2020-03,69.0,69.0664763195518,0.06647631955179634,True
2020-04,65.0,64.35967401687469,-0.6403259831253081,False
2020-05,63.0,62.80849871862496,-0.1915012813750394,True
2020-06,62.0,61.64456810661942,-0.3554318933805831,True
2020-07,62.0,62.012900220196755,0.012900220196755185,True
2020-08,63.0,62.85953818085868,-0.14046181914132205,True
2020-09,63.0,63.18520298388603,0.18520298388602896,True
2020-10,63.0,63.49844221560177,0.49844221560177004,True
2020-11,64.0,64.3050314526601,0.3050314526601028,True
2020-12,65.0,64.39551525684975,-0.6044847431502518,False
2021-01,64.0,64.74430627203299,0.7443062720329863,False
2021-02,66.0,65.72738555861312,-0.27261444138687807,True
2021-03,67.0,66.57365385067081,-0.42634614932919135,True
2021-04,68.0,67.41552323539116,-0.5844767646088371,False
2021-05,68.0,68.40279301254816,0.4027930125481589,True
2021-06,69.0,68.91458805220016,-0.08541194779984096,True
2021-07,69.0,69.68615137028875,0.686151370288755,False
2021-08,71.0,70.62598121892822,-0.37401878107178277,True
2021-09,72.0,71.72545189798353,-0.2745481020164675,True
2021-10,71.0,71.39993718671492,0.3999371867149222,True
2021-11,72.0,72.16746922047855,0.1674692204785515,True
2021-12,72.0,72.17076355195404,0.17076355195403892,True
2022-01,72.0,71.82235741791803,-0.17764258208197248,True
2022-02,72.0,72.09832592850961,0.09832592850960964,True
2022-03,73.0,72.41414369335585,-0.5858563066441462,False
2022-04,73.0,73.0047651508673,0.004765150867299894,True
2022-05,74.0,73.78829716816556,-0.21170283183444383,True
2022-06,74.0,74.1060693060044,0.10606930600440023,True
2022-07,74.0,74.41821969657731,0.4182196965773102,True
2022-08,74.0,74.12460948595731,0.1246094859573077,True
2022-09,74.0,74.24884301975575,0.2488430197557534,True
2022-10,74.0,74.19791194799882,0.1979119479988185,True
2022-11,74.0,74.07057415948346,0.07057415948345636,True
2022-12,74.0,74.28929050493235,0.2892905049323531,True
2023-01,74.0,73.78896528508604,-0.2110347149139642,True
2023-02,74.0,74.0109617017953,0.010961701795295653,True
2023-03,74.0,73.87745792033525,-0.12254207966475406,True
2023-04,74.0,74.63364469927993,0.6336446992799267,False
2023-05,75.0,74.75200718510739,-0.24799281489261205,True
2023-06,73.0,73.24064961666762,0.24064961666762485,True
2023-07,73.0,72.59518727707066,-0.4048127229293357,True
2023-08,72.0,72.25892561702395,0.258925617023948,True
2023-09,72.0,71.67395037718339,-0.3260496228166119,True
2023-10,71.0,71.23334745983249,0.23334745983248695,True
2023-11,71.0,70.9425639403174,-0.057436059682601126,True
2023-12,71.0,70.82276418469397,-0.17723581530603383,True
2024-01,71.0,70.75593957271155,-0.24406042728844568,True
2024-02,71.0,70.5333863878802,-0.4666136121198008,True
2024-03,70.0,70.36466693203863,0.3646669320386309,True
2024-04,71.0,70.94910195409223,-0.050898045907771916,True
2024-05,71.0,71.18957576298556,0.18957576298555523,True
2024-06,71.0,71.33140580781016,0.3314058078101567,True
2024-07,71.0,71.06993540596727,0.06993540596727144,True
2024-08,71.0,70.81124865902449,-0.18875134097551438,True
2024-09,71.0,70.96564948048378,-0.0343505195162237,True
2024-10,71.0,70.61086402830699,-0.3891359716930083,True
2024-11,70.0,70.33562883655371,0.3356288365537097,True
2024-12,71.0,70.64295563824042,-0.3570443617595771,True
2025-01,71.0,70.3796902891659,-0.6203097108341069,False
2025-02,71.0,70.76183022827742,-0.2381697717225819,True
2025-03,71.0,71.11993745712977,0.11993745712976533,True
2025-04,72.0,71.50229844194698,-0.4977015580530235,True
2025-05,72.0,71.86266235872328,-0.13733764127671577,True
2025-06,72.0,72.157939036635,0.15793903663499975,True
2025-07,72.0,71.71877295252838,-0.2812270474716172,True
2025-08,71.0,71.00117614891326,0.001176148913259567,True
2025-09,71.0,70.69923421457037,-0.3007657854296326,True
2025-10,70.0,70.24547295383978,0.24547295383977996,True
2025-11,70.0,70.03874772609103,0.03874772609103161,True
2025-12,70.0,70.23549814500686,0.23549814500685784,True
2026-01,70.0,70.42713541939969,0.4271354193996899,True
2026-02,70.0,70.13773042134142,0.13773042134141633,True
2026-03,70.0,69.94814581226676,-0.05185418773324102,True
2026-04,71.0,70.63773682757883,-0.3622631724211658,True
2026-05,70.0,70.4275653456906,0.4275653456905957,True
2026-06,71.0,70.39040976328297,-0.6095902367170254,False
